LOCUS,SNP,CHR,BP,ALLELE1,ALLELE0,A1FREQ,IMPUTATION SCORE,EFFECT SIZE ESTIMATE,STANDARD ERROR,P-VALUE,GWAS,SECONDARY P-VALUE,SECONDARY EFFECT SIZE ESTIMATE,SECONDARY STANDARD ERROR,DIFF EFFECT SIZE
5,rs2145380,1,"171,884,986",G,C,0.352,0.997,0.0019,0.0022,5.300E-01,secondary,1.20E-07,0.0117,0.0022,-0.0098
5,rs9425311,1,"172,388,778",G,T,0.510,0.993,0.0134,0.0021,3.900E-10,secondary,1.90E-08,0.0116,0.0021,0.0017
12,rs865551,2,"74,151,893",C,G,0.365,0.985,0.0159,0.0022,3.500E-13,secondary,1.90E-07,0.0113,0.0022,0.0045
12,rs74874677,2,"74,177,777",A,G,0.977,1.000,0.0998,0.0070,6.000E-46,secondary,3.90E-51,0.1042,0.0069,-0.0044
13,rs147820690,2,"160,735,174",C,T,0.997,1.000,-0.1239,0.0206,3.800E-09,secondary,6.40E-10,-0.1254,0.0203,0.0015
18,rs1420476,3,"168,864,550",T,A,0.044,1.000,-0.0232,0.0051,5.700E-06,secondary,3.40E-04,-0.0182,0.0050,-0.0051
21,rs6894574,5,"1,103,495",T,C,0.334,0.998,0.0113,0.0022,1.200E-07,secondary,1.30E-08,0.0124,0.0022,-0.0012
27,rs45552734,6,"31,583,699",C,T,0.881,0.999,-0.0209,0.0032,7.300E-11,secondary,2.60E-08,-0.0178,0.0032,-0.0031
28,rs511515,6,"33,541,507",A,G,0.299,0.998,-0.0209,0.0023,5.200E-21,secondary,3.50E-11,-0.0147,0.0023,-0.0062
29,rs7744765,6,"135,523,583",T,C,0.595,0.998,0.0153,0.0021,3.100E-13,secondary,2.10E-06,0.0098,0.0021,0.0055
31,rs35585318,7,"44,891,819",T,C,0.607,0.997,0.0113,0.0021,2.100E-07,secondary,5.30E-10,0.0134,0.0021,-0.0021
38,rs10085457,7,"135,310,860",G,A,0.674,1.000,-0.0092,0.0022,3.400E-05,secondary,4.60E-05,0.0090,0.0022,-0.0182
41,8:6701534,8,"6,701,534",ACTC,A,0.498,0.991,-0.0118,0.0021,1.900E-08,secondary,4.30E-09,-0.0122,0.0021,0.0004
45,9:4838587,9,"4,838,587",TAC,T,0.114,0.993,-0.0207,0.0033,4.300E-10,secondary,7.10E-07,-0.0162,0.0033,-0.0045
45,rs7033052,9,"5,042,981",G,C,0.468,0.977,0.0091,0.0021,1.700E-05,secondary,1.20E-05,0.0091,0.0021,0.0000
46,rs3876,10,"60,155,791",C,T,0.924,0.984,0.0029,0.0040,5.800E-01,secondary,1.30E-13,0.0293,0.0039,-0.0264
46,rs56356712,10,"60,211,412",T,C,0.948,1.000,-0.0097,0.0047,6.000E-02,secondary,2.90E-07,-0.0240,0.0047,0.0143
47,rs181771244,10,"65,027,641",C,T,0.994,0.929,-0.0382,0.0141,3.300E-03,secondary,6.20E-08,-0.0745,0.0139,0.0363
48,rs7902510,10,"102,757,934",C,T,0.791,0.999,0.0319,0.0026,2.100E-36,secondary,1.60E-43,0.0351,0.0025,-0.0032
64,rs2771358,14,"21,422,666",T,C,0.745,1.000,0.0120,0.0024,2.400E-07,secondary,8.80E-08,0.0125,0.0024,-0.0005
65,rs17477725,14,"32,534,643",C,G,0.415,0.989,0.0097,0.0021,6.900E-06,secondary,3.00E-06,0.0099,0.0021,-0.0002
68,rs141227171,15,"58,843,129",G,C,0.997,0.794,0.0926,0.0233,1.100E-04,secondary,1.90E-04,0.0869,0.0230,0.0056
74,rs12451698,17,"18,237,116",A,G,0.760,0.999,0.0195,0.0025,9.900E-16,secondary,4.30E-10,0.0150,0.0024,0.0045
81,rs12955015,18,"67,621,754",C,A,0.021,0.991,0.0404,0.0073,4.300E-08,secondary,1.40E-08,0.0411,0.0072,-0.0007
87,rs139891465,19,"17,365,087",C,T,0.958,0.971,-0.0489,0.0053,1.300E-20,secondary,3.70E-13,-0.0378,0.0052,-0.0111
87,rs35586766,19,"17,392,629",G,A,0.905,0.994,-0.0376,0.0036,4.500E-26,secondary,2.10E-15,-0.0282,0.0035,-0.0094
89,rs11667430,19,"45,716,197",A,G,0.603,0.979,-0.0086,0.0022,1.100E-04,secondary,2.70E-05,-0.0090,0.0021,0.0004
92,rs11696739,20,"1,600,925",G,A,0.622,0.998,0.0189,0.0022,7.900E-19,secondary,2.10E-18,0.0186,0.0021,0.0004
92,rs156355,20,"1,818,613",T,C,0.536,0.946,-0.0245,0.0022,1.600E-30,secondary,4.30E-32,-0.0249,0.0021,0.0005
92,rs185387034,20,"1,950,920",A,G,0.991,0.856,0.0631,0.0117,4.000E-08,secondary,2.80E-10,0.0723,0.0115,-0.0091
93,rs76599088,20,"17,968,871",C,T,0.983,1.000,-0.0796,0.0082,1.900E-22,secondary,4.00E-17,-0.0680,0.0081,-0.0116
95,rs577050795,22,"43,392,225",C,CA,0.525,0.995,-0.0109,0.0021,2.100E-07,secondary,7.10E-09,-0.0120,0.0021,0.0012
96,rs75107793,22,"50,628,937",G,A,0.928,0.985,-0.0302,0.0041,2.300E-13,secondary,7.70E-12,-0.0276,0.0040,-0.0026
1,rs1569419,1,"2,996,602",T,C,0.233,0.978,-0.0230,0.0025,1.900E-19,primary,NA,NA,NA,NA
2,rs3818157,1,"12,027,308",G,A,0.538,0.980,0.0212,0.0021,3.000E-24,primary,NA,NA,NA,NA
3,rs204071,1,"29,194,032",C,T,0.932,0.998,-0.0225,0.0042,2.800E-08,primary,NA,NA,NA,NA
4,1:156455314,1,"156,455,314",CTT,C,0.316,0.995,0.0145,0.0023,9.900E-11,primary,NA,NA,NA,NA
5,rs6425521,1,"171,942,783",C,A,0.197,0.992,-0.0217,0.0026,2.300E-17,primary,NA,NA,NA,NA
6,1:205246482,1,"205,246,482",TTTTG,T,0.614,0.997,0.0163,0.0022,1.500E-13,primary,NA,NA,NA,NA
7,rs10749636,1,"248,020,448",G,A,0.238,0.980,-0.0153,0.0025,1.100E-09,primary,NA,NA,NA,NA
8,rs655029,2,"31,477,838",G,A,0.291,0.972,0.0141,0.0023,1.600E-09,primary,NA,NA,NA,NA
9,rs711244,2,"37,068,428",C,T,0.580,1.000,0.0138,0.0021,1.800E-10,primary,NA,NA,NA,NA
10,rs2302643,2,"64,881,229",G,A,0.554,0.983,-0.0121,0.0021,7.100E-09,primary,NA,NA,NA,NA
11,rs151084028,2,"68,419,377",T,G,0.994,0.858,0.0854,0.0145,3.800E-09,primary,NA,NA,NA,NA
12,rs62641680,2,"74,166,053",G,A,0.971,1.000,0.1072,0.0063,1.500E-65,primary,NA,NA,NA,NA
13,rs12052715,2,"160,677,375",C,G,0.275,0.999,0.0168,0.0023,3.300E-13,primary,NA,NA,NA,NA
14,rs78909033,2,"241,510,903",G,A,0.866,1.000,0.0246,0.0031,4.400E-15,primary,NA,NA,NA,NA
15,rs13084580,3,"39,188,182",C,T,0.887,1.000,-0.0269,0.0033,4.200E-16,primary,NA,NA,NA,NA
16,rs6786055,3,"48,751,820",G,T,0.370,0.993,0.0147,0.0022,2.700E-12,primary,NA,NA,NA,NA
17,rs1354034,3,"56,849,749",T,C,0.400,1.000,0.0311,0.0021,3.400E-49,primary,NA,NA,NA,NA
18,rs6778131,3,"168,861,068",T,A,0.376,0.986,0.0120,0.0022,2.300E-08,primary,NA,NA,NA,NA
19,rs34894010,3,"179,094,386",C,G,0.957,0.989,-0.0375,0.0052,1.600E-12,primary,NA,NA,NA,NA
20,rs755492124,4,"102,777,542",TAAAG,T,0.606,0.996,-0.0138,0.0021,2.400E-11,primary,NA,NA,NA,NA
21,rs2736100,5,"1,286,516",C,A,0.502,1.000,0.0173,0.0021,1.600E-16,primary,NA,NA,NA,NA
22,rs34592828,5,"75,996,909",G,A,0.955,1.000,-0.0322,0.0051,5.800E-11,primary,NA,NA,NA,NA
23,rs114694170,5,"88,180,196",T,C,0.942,0.978,-0.0366,0.0045,9.900E-16,primary,NA,NA,NA,NA
24,rs56116444,5,"111,061,847",T,G,0.925,0.996,0.0250,0.0040,3.800E-10,primary,NA,NA,NA,NA
25,rs193541,5,"122,253,304",C,T,0.420,0.999,-0.0130,0.0021,6.100E-10,primary,NA,NA,NA,NA
26,rs926326,6,"25,575,402",A,G,0.227,0.998,-0.0171,0.0025,1.200E-11,primary,NA,NA,NA,NA
27,rs2844484,6,"31,536,224",A,G,0.385,1.000,0.0174,0.0022,3.900E-16,primary,NA,NA,NA,NA
28,rs5745582,6,"33,546,498",C,T,0.821,0.993,-0.0256,0.0027,1.200E-21,primary,NA,NA,NA,NA
29,rs4895441,6,"135,426,573",A,G,0.727,1.000,-0.0200,0.0024,9.500E-18,primary,NA,NA,NA,NA
30,rs200957609,7,"4,824,629",G,A,0.998,1.000,-0.1168,0.0214,7.600E-08,primary,NA,NA,NA,NA
31,rs6943701,7,"45,133,116",A,T,0.823,0.996,-0.0181,0.0028,2.500E-11,primary,NA,NA,NA,NA
32,rs17260734,7,"80,143,355",T,A,0.523,0.981,-0.0112,0.0021,7.100E-08,primary,NA,NA,NA,NA
33,rs445,7,"92,408,370",C,T,0.904,1.000,-0.0207,0.0035,3.000E-09,primary,NA,NA,NA,NA
34,rs139141690,7,"101,499,930",G,A,0.995,0.949,0.0989,0.0156,2.000E-10,primary,NA,NA,NA,NA
35,rs342293,7,"106,372,219",C,G,0.541,1.000,-0.0345,0.0021,7.000E-61,primary,NA,NA,NA,NA
36,rs74750282,7,"114,744,463",T,C,0.913,0.989,-0.0478,0.0037,7.300E-37,primary,NA,NA,NA,NA
37,rs602616,7,"129,204,325",C,G,0.911,0.981,0.0193,0.0037,3.200E-08,primary,NA,NA,NA,NA
38,rs3110823,7,"135,357,476",A,C,0.830,0.997,-0.0329,0.0028,5.900E-33,primary,NA,NA,NA,NA
39,rs7800558,7,"140,242,661",T,C,0.582,0.996,0.0122,0.0021,1.200E-08,primary,NA,NA,NA,NA
40,rs117728810,7,"151,574,265",G,A,0.943,0.974,0.0239,0.0046,8.700E-08,primary,NA,NA,NA,NA
41,rs4284061,8,"6,878,257",T,A,0.561,0.930,0.0201,0.0022,6.300E-20,primary,NA,NA,NA,NA
42,rs4841132,8,"9,183,596",A,G,0.091,1.000,0.0276,0.0037,6.100E-14,primary,NA,NA,NA,NA
43,8:103218144,8,"103,218,144",ATTGCTATTATAAATAAGCTT,A,0.935,0.992,-0.0284,0.0043,1.300E-11,primary,NA,NA,NA,NA
44,rs6986601,8,"131,026,260",A,G,0.457,1.000,0.0119,0.0021,7.700E-09,primary,NA,NA,NA,NA
45,rs385893,9,"4,763,176",T,C,0.477,1.000,-0.0143,0.0021,1.200E-12,primary,NA,NA,NA,NA
46,rs12247015,10,"60,145,079",A,G,0.582,0.994,-0.0422,0.0021,4.400E-89,primary,NA,NA,NA,NA
47,rs7896518,10,"65,104,500",A,G,0.572,0.981,0.0515,0.0021,1.900E-127,primary,NA,NA,NA,NA
48,rs73349121,10,"102,757,098",G,C,0.983,0.996,0.1339,0.0081,4.300E-61,primary,NA,NA,NA,NA
49,rs11594179,10,"104,392,580",C,T,0.764,0.996,-0.0220,0.0025,1.500E-18,primary,NA,NA,NA,NA
50,rs7080536,10,"115,348,046",G,A,0.957,1.000,0.0323,0.0052,6.300E-10,primary,NA,NA,NA,NA
51,rs4910886,11,"4,143,721",G,T,0.662,0.998,-0.0226,0.0022,6.200E-25,primary,NA,NA,NA,NA
52,rs2241942,11,"20,625,387",G,A,0.759,0.986,0.0138,0.0025,1.700E-08,primary,NA,NA,NA,NA
53,rs11235573,11,"72,412,548",T,C,0.448,0.997,0.0112,0.0021,3.800E-08,primary,NA,NA,NA,NA
54,rs74472890,11,"72,946,279",T,C,0.951,1.000,0.0266,0.0048,1.200E-08,primary,NA,NA,NA,NA
55,rs1362214,12,"6,282,429",A,G,0.519,0.980,-0.0242,0.0021,8.500E-31,primary,NA,NA,NA,NA
56,rs1127787,12,"27,867,727",G,A,0.831,1.000,0.0188,0.0028,3.500E-11,primary,NA,NA,NA,NA
57,rs2015599,12,"29,435,480",G,A,0.541,1.000,-0.0121,0.0021,1.500E-08,primary,NA,NA,NA,NA
58,rs6580981,12,"54,723,028",G,A,0.541,0.989,-0.0142,0.0021,2.400E-11,primary,NA,NA,NA,NA
59,rs1716505,12,"65,005,079",C,G,0.683,0.970,0.0133,0.0023,4.700E-09,primary,NA,NA,NA,NA
60,rs12426673,12,"109,490,296",G,T,0.417,0.999,0.0144,0.0021,2.200E-11,primary,NA,NA,NA,NA
61,rs749140768,12,"120,109,284",AGGCACCTCTTCACAGGAC,A,0.920,0.982,-0.0289,0.0039,1.100E-14,primary,NA,NA,NA,NA
62,rs11553699,12,"122,216,910",A,G,0.865,0.919,-0.0508,0.0032,1.200E-57,primary,NA,NA,NA,NA
63,rs7987027,13,"71,213,147",T,C,0.459,1.000,-0.0111,0.0021,1.200E-07,primary,NA,NA,NA,NA
64,rs1760940,14,"20,938,251",A,C,0.753,1.000,-0.0271,0.0024,2.000E-29,primary,NA,NA,NA,NA
65,rs4427713,14,"32,955,683",T,C,0.446,0.990,0.0120,0.0021,5.900E-09,primary,NA,NA,NA,NA
66,rs117948349,14,"69,569,114",G,A,0.967,0.991,0.0345,0.0059,2.500E-09,primary,NA,NA,NA,NA
67,rs59488041,14,"101,180,041",T,A,0.865,0.992,0.0238,0.0031,2.500E-14,primary,NA,NA,NA,NA
68,rs261290,15,"58,678,720",T,C,0.346,0.996,-0.0126,0.0022,1.800E-08,primary,NA,NA,NA,NA
69,rs3087374,15,"89,859,994",C,A,0.919,1.000,-0.0237,0.0038,2.600E-10,primary,NA,NA,NA,NA
70,rs151234,16,"28,505,660",G,C,0.869,0.996,0.0201,0.0031,7.800E-11,primary,NA,NA,NA,NA
71,rs289713,16,"57,006,829",T,A,0.189,0.986,0.0188,0.0027,2.500E-12,primary,NA,NA,NA,NA
72,rs55823018,16,"88,535,242",C,T,0.676,0.983,0.0131,0.0023,5.900E-09,primary,NA,NA,NA,NA
73,rs7213347,17,"2,153,257",G,C,0.301,0.999,0.0132,0.0023,2.000E-09,primary,NA,NA,NA,NA
74,rs12601687,17,"18,241,531",G,A,0.890,0.993,-0.0301,0.0034,2.200E-19,primary,NA,NA,NA,NA
75,rs1967556,17,"27,744,033",T,G,0.474,0.993,-0.0229,0.0021,1.300E-27,primary,NA,NA,NA,NA
76,rs17850455,17,"62,476,451",C,G,0.988,0.876,-0.1205,0.0102,5.200E-33,primary,NA,NA,NA,NA
77,rs11867543,17,"79,655,046",C,T,0.862,0.998,-0.0185,0.0030,5.500E-10,primary,NA,NA,NA,NA
78,rs680478,18,"9,609,957",C,T,0.247,0.996,0.0165,0.0024,7.700E-12,primary,NA,NA,NA,NA
79,rs77261872,18,"42,107,662",C,T,0.875,0.990,-0.0315,0.0032,4.500E-23,primary,NA,NA,NA,NA
80,rs17758695,18,"60,920,854",C,T,0.971,1.000,0.0426,0.0062,2.000E-12,primary,NA,NA,NA,NA
81,rs28665408,18,"67,516,846",A,C,0.434,0.994,-0.0202,0.0021,4.700E-21,primary,NA,NA,NA,NA
82,rs10411696,19,"1,060,487",T,G,0.528,0.994,0.0117,0.0021,2.300E-08,primary,NA,NA,NA,NA
83,rs11085147,19,"5,711,930",C,T,0.903,0.949,-0.0915,0.0036,3.000E-141,primary,NA,NA,NA,NA
84,rs3218221,19,"10,676,941",G,A,0.996,0.901,0.0961,0.0166,3.700E-09,primary,NA,NA,NA,NA
85,rs142158911,19,"11,190,534",G,A,0.884,0.985,-0.0175,0.0033,4.600E-08,primary,NA,NA,NA,NA
86,rs57843631,19,"16,206,012",C,T,0.980,0.924,-0.0554,0.0078,2.400E-12,primary,NA,NA,NA,NA
87,rs10419397,19,"17,391,328",G,A,0.706,0.999,0.0323,0.0023,7.100E-46,primary,NA,NA,NA,NA
88,19:19756073,19,"19,756,073",AGCC,A,0.927,0.953,-0.0234,0.0041,1.100E-08,primary,NA,NA,NA,NA
89,rs7412,19,"45,412,079",C,T,0.920,1.000,-0.0401,0.0039,1.300E-24,primary,NA,NA,NA,NA
90,rs1613662,19,"55,536,595",G,A,0.166,1.000,0.0199,0.0028,5.400E-13,primary,NA,NA,NA,NA
91,rs11668201,19,"59,003,632",A,T,0.810,0.989,0.0150,0.0027,9.600E-09,primary,NA,NA,NA,NA
92,rs4814776,20,"1,921,523",C,A,0.671,0.993,0.0362,0.0022,5.400E-59,primary,NA,NA,NA,NA
93,rs754169,20,"17,918,394",T,A,0.464,1.000,-0.0274,0.0021,1.200E-38,primary,NA,NA,NA,NA
94,rs2426092,20,"47,384,255",A,C,0.548,0.996,-0.0124,0.0021,3.900E-09,primary,NA,NA,NA,NA
95,rs2245947,22,"43,528,251",G,T,0.322,0.997,-0.0390,0.0022,2.500E-68,primary,NA,NA,NA,NA
96,rs12148,22,"50,962,208",T,G,0.389,0.999,0.0166,0.0022,5.700E-15,primary,NA,NA,NA,NA